id,name,city,state,created_at
1,Paulo Souza,São Paulo,SP,2026-07-06
2,Gabriela Pereira,Santos,SP,2026-06-14
3,Thiago Dias,Campinas,SP,2026-08-15
4,Bruno Almeida,São Paulo,SP,2026-06-12
5,Daniela Pereira,Goiânia,GO,2026-08-17
6,Beatriz Dias,Rio de Janeiro,RJ,2026-08-31
7,Rafael Dias,Porto Alegre,RS,2026-06-29
8,Carlos Freitas,Belo Horizonte,MG,2026-06-01
9,Aline Nunes,Curitiba,PR,2026-07-06
10,Vanessa Santos,Curitiba,PR,2026-06-14
11,Fernanda Cardoso,Campinas,SP,2026-07-16
12,Rafaela Gomes,Belo Horizonte,MG,2026-06-06
13,Diego Dias,Campinas,SP,2026-07-19
14,Fernanda Dias,Belo Horizonte,MG,2026-08-20
15,Otávio Barbosa,Brasília,DF,2026-06-25
16,Juliana Almeida,Rio de Janeiro,RJ,2026-07-08
17,Fernanda Pereira,Campinas,SP,2026-07-19
18,Isabela Moreira,Curitiba,PR,2026-06-21
19,Sabrina Barbosa,Rio de Janeiro,RJ,2026-08-25
20,Isabela Melo,Campinas,SP,2026-08-17
21,Paulo Oliveira,Goiânia,GO,2026-07-02
22,Aline Moreira,Porto Alegre,RS,2026-07-05
23,Paulo Dias,Rio de Janeiro,RJ,2026-08-27
24,Natália Almeida,Rio de Janeiro,RJ,2026-06-05
25,Natália Cardoso,Belo Horizonte,MG,2026-06-09
26,Daniela Freitas,Curitiba,PR,2026-06-28
27,Rafael Teixeira,Porto Alegre,RS,2026-08-22
28,Diego Ferreira,Belo Horizonte,MG,2026-06-18
29,Gabriela Dias,Goiânia,GO,2026-07-04
30,Marcos Nunes,Brasília,DF,2026-07-22
31,Sabrina Pereira,Santos,SP,2026-08-05
32,Felipe Ribeiro,São Paulo,SP,2026-06-15
33,Vanessa Lima,Santos,SP,2026-08-27
34,Bruno Gomes,Campinas,SP,2026-07-20
35,Thais Gomes,Florianópolis,SC,2026-08-07
36,Helena Dias,São Paulo,SP,2026-08-27
37,Renata Melo,Goiânia,GO,2026-07-05
38,Rafael Rocha,Campinas,SP,2026-07-08
39,Bruno Oliveira,Florianópolis,SC,2026-06-01
40,Helena Correia,Santos,SP,2026-08-04
41,Patrícia Lima,Belo Horizonte,MG,2026-08-21
42,Gustavo Gomes,Rio de Janeiro,RJ,2026-06-20
43,Sabrina Oliveira,Goiânia,GO,2026-08-07
44,Marina Gomes,Curitiba,PR,2026-08-02
45,Beatriz Souza,Curitiba,PR,2026-07-10
46,Gabriela Almeida,Rio de Janeiro,RJ,2026-08-12
47,Fernanda Ribeiro,Florianópolis,SC,2026-06-09
48,Igor Ferreira,Santos,SP,2026-08-24
49,Eduardo Dias,Santos,SP,2026-07-04
50,Henrique Gomes,Porto Alegre,RS,2026-06-28
51,Igor Santos,Belo Horizonte,MG,2026-07-22
52,Sérgio Lima,Curitiba,PR,2026-07-27
53,Henrique Moreira,Campinas,SP,2026-07-02
54,Elaine Ribeiro,Curitiba,PR,2026-06-03
55,Marcos Dias,Rio de Janeiro,RJ,2026-08-15
56,Elaine Costa,Campinas,SP,2026-08-30
57,Paulo Almeida,Rio de Janeiro,RJ,2026-06-09
58,Camila Rocha,Campinas,SP,2026-08-05
59,Gabriela Carvalho,Florianópolis,SC,2026-06-28
60,Leandro Freitas,Florianópolis,SC,2026-07-02
61,Eduardo Nunes,Rio de Janeiro,RJ,2026-06-13
62,Patrícia Melo,Porto Alegre,RS,2026-07-16
63,Bruno Nunes,Florianópolis,SC,2026-06-07
64,Thiago Lima,Campinas,SP,2026-06-08
65,Viviane Rocha,Campinas,SP,2026-07-02
66,Carla Santos,Goiânia,GO,2026-07-28
67,Tatiane Nunes,Santos,SP,2026-07-06
68,Diego Pereira,Campinas,SP,2026-07-27
69,João Souza,São Paulo,SP,2026-08-23
70,Igor Costa,Campinas,SP,2026-07-01
71,Felipe Teixeira,Rio de Janeiro,RJ,2026-07-22
72,Larissa Oliveira,Porto Alegre,RS,2026-06-01
73,Thais Carvalho,Florianópolis,SC,2026-07-07
74,Bruno Dias,Florianópolis,SC,2026-06-20
75,Carla Martins,Rio de Janeiro,RJ,2026-06-08
76,Larissa Rocha,São Paulo,SP,2026-06-07
77,Marcos Teixeira,Goiânia,GO,2026-08-07
78,Aline Almeida,Goiânia,GO,2026-06-11
79,Bruna Ribeiro,Brasília,DF,2026-06-09
80,Thiago Pereira,Porto Alegre,RS,2026-06-16
81,Leandro Pereira,Brasília,DF,2026-08-16
82,Camila Gomes,Campinas,SP,2026-07-24
83,Sérgio Freitas,Brasília,DF,2026-08-06
84,Natália Carvalho,Rio de Janeiro,RJ,2026-08-25
85,Natália Pereira,Belo Horizonte,MG,2026-07-21
86,Tatiane Melo,Belo Horizonte,MG,2026-07-29
87,Natália Ribeiro,São Paulo,SP,2026-07-29
88,Otávio Freitas,Campinas,SP,2026-06-10
89,Gustavo Carvalho,Santos,SP,2026-07-15
90,Juliana Pereira,Curitiba,PR,2026-07-07
91,Igor Martins,Brasília,DF,2026-08-23
92,Henrique Costa,Goiânia,GO,2026-07-09
93,Sérgio Souza,Santos,SP,2026-07-04
94,Renata Souza,Goiânia,GO,2026-06-20
95,Isabela Martins,Brasília,DF,2026-06-27
96,Priscila Santos,Belo Horizonte,MG,2026-08-04
97,Felipe Carvalho,São Paulo,SP,2026-06-12
98,Paulo Nunes,Belo Horizonte,MG,2026-06-06
99,Marina Rocha,Santos,SP,2026-08-21
100,Helena Oliveira,Florianópolis,SC,2026-08-10
